time,pitch,pitch_con
9.401847042,128.2961296,zhong_2_2
9.415483405,122.5114514,zhong_2_2
9.429119769,122.3577059,zhong_2_2
9.442756133,124.2623674,zhong_2_2
9.456392496,126.097741,zhong_2_2
9.47002886,127.20965,zhong_2_2
9.483665224,127.4224186,zhong_2_2
9.497301587,127.5853596,zhong_2_2
9.510937951,127.5991374,zhong_2_2
9.524574315,127.4457355,zhong_2_2
9.538210678,123.6217896,zhong_2_2
9.647301587,123.4078488,zhong_3_4
9.660937951,118.833073,zhong_3_4
9.674574315,113.1982491,zhong_3_4
9.688210678,109.2088531,zhong_3_4
9.701847042,108.0467119,zhong_3_4
9.715483405,106.539534,zhong_3_4
9.729119769,104.7769261,zhong_3_4
9.742756133,104.3406335,zhong_3_4
9.947301587,105.3239048,zhong_2_6
9.960937951,106.0912144,zhong_2_6
9.974574315,106.0249388,zhong_2_6
9.988210678,106.3964879,zhong_2_6
10.00184704,106.553664,zhong_2_6
10.01548341,106.4197739,zhong_2_6
10.02911977,106.740721,zhong_2_6
10.04275613,107.1393259,zhong_2_6
10.0563925,108.3077472,zhong_2_6
10.07002886,109.8817024,zhong_2_6
10.08366522,111.4746407,zhong_2_6
10.08366522,111.4746407,zhong_2_7
10.09730159,112.9340539,zhong_2_7
10.11093795,112.6747983,zhong_2_7
10.12457431,112.771391,zhong_2_7
10.13821068,113.3967904,zhong_2_7
10.15184704,113.9353244,zhong_2_7
10.16548341,115.2484245,zhong_2_7
10.17911977,115.9141961,zhong_2_7
10.19275613,115.805343,zhong_2_7
10.2063925,115.6096983,zhong_2_7
10.22002886,115.6520141,zhong_2_7
10.23366522,115.5128214,zhong_2_7
10.24730159,114.7100839,zhong_2_8
10.26093795,114.3437723,zhong_2_8
10.27457431,112.4153197,zhong_2_8
10.28821068,110.8393296,zhong_2_8
10.30184704,110.8093184,zhong_2_8
10.31548341,110.3817913,zhong_2_8
10.32911977,108.9263325,zhong_2_8
10.34275613,108.4516937,zhong_2_8
10.3563925,108.2068854,zhong_2_8
10.37002886,108.0951776,zhong_2_8
10.38366522,108.2361687,zhong_2_8
10.39730159,110.3031691,zhong_2_8
10.41093795,111.0907818,zhong_2_8
10.42457431,111.9778355,zhong_4_9
10.43821068,112.452532,zhong_4_9
10.45184704,113.0960205,zhong_4_9
10.46548341,113.0276924,zhong_4_9
10.47911977,112.7949162,zhong_4_9
10.49275613,112.0276325,zhong_4_9
10.5063925,111.1761361,zhong_4_9
10.52002886,108.8329765,zhong_4_9
10.53366522,106.2131522,zhong_4_9
10.54730159,106.3636817,zhong_4_9
10.54730159,106.3636817,zhong_2_10
10.56093795,106.3402461,zhong_2_10
10.57457431,105.5311567,zhong_2_10
10.58821068,104.9984447,zhong_2_10
10.60184704,104.4124769,zhong_2_10
10.61548341,103.6195409,zhong_2_10
10.62911977,103.8263891,zhong_2_10
10.64275613,104.2915833,zhong_2_10
10.6563925,105.1994331,zhong_2_10
10.67002886,105.8329592,zhong_2_10
10.68366522,106.8465275,zhong_4_11
10.69730159,107.5149367,zhong_4_11
10.71093795,107.6660215,zhong_4_11
10.72457431,106.4633676,zhong_4_11
10.73821068,105.0021824,zhong_4_11
10.75184704,105.3711165,zhong_4_11
10.76548341,104.9841106,zhong_4_11
10.77911977,104.1714409,zhong_4_11
10.79275613,103.4539045,zhong_4_11
10.8063925,102.3420137,zhong_4_11
10.82002886,101.6414166,zhong_4_11
11.01093795,94.42798929,zhong_2_14
11.02457431,93.2389101,zhong_2_14
11.03821068,93.72827448,zhong_2_14
11.05184704,93.60945119,zhong_2_14
11.06548341,93.46221334,zhong_2_14
11.07911977,94.5784758,zhong_2_14
11.09275613,94.97784687,zhong_2_14
11.1063925,95.90917157,zhong_2_14
11.12002886,96.83938704,zhong_2_14
11.13366522,97.34194558,zhong_2_14
11.14730159,99.00676605,zhong_2_14
11.29730159,98.71684787,zhong_2_16
11.31093795,100.5395803,zhong_2_16
11.32457431,102.2881142,zhong_2_16
11.33821068,103.78086,zhong_2_16
11.35184704,103.8478684,zhong_2_16
11.36548341,103.1531973,zhong_2_16
11.37911977,102.4857101,zhong_2_16
11.39275613,102.2415023,zhong_2_16
11.4063925,102.3842522,zhong_2_16
11.51548341,101.7229858,zhong_3_18
11.52911977,99.4451446,zhong_3_18
11.54275613,97.26459967,zhong_3_18
11.80184704,101.9411911,zhong_4_21
11.81548341,102.4596762,zhong_4_21
11.82911977,100.979453,zhong_4_21
11.84275613,99.35055668,zhong_4_21
11.8563925,97.97015032,zhong_4_21
11.87002886,97.26871487,zhong_4_21
11.88366522,97.09895716,zhong_4_21
11.89730159,96.88260486,zhong_1_22
11.91093795,96.8934926,zhong_1_22
11.92457431,97.52068885,zhong_1_22
11.93821068,98.87674826,zhong_1_22
11.95184704,100.1281367,zhong_1_22
11.96548341,101.1069797,zhong_1_22
11.97911977,101.6810356,zhong_1_22
11.99275613,102.0690726,zhong_1_22
12.0063925,102.3727447,zhong_1_22
12.02002886,103.0415263,zhong_1_22
12.03366522,103.2406444,zhong_1_22
12.04730159,103.1754223,zhong_1_22
12.06093795,102.678144,zhong_1_22
12.07457431,102.4653487,zhong_1_22
12.08821068,102.0179292,zhong_2_23
12.10184704,102.2711637,zhong_2_23
12.11548341,103.0783355,zhong_2_23
12.12911977,103.6836625,zhong_2_23
12.14275613,105.2966266,zhong_2_23
12.1563925,106.9152206,zhong_2_23
12.17002886,107.9336376,zhong_2_23
12.18366522,108.7260878,zhong_2_23
12.19730159,108.9744076,zhong_2_23
12.21093795,108.8337317,zhong_2_23
12.22457431,107.6148697,zhong_2_23
12.33366522,111.4862804,zhong_3_25
12.34730159,107.9830055,zhong_3_25
12.36093795,104.6280154,zhong_3_25
12.37457431,103.2871622,zhong_3_25
12.38821068,103.3084534,zhong_3_25
12.56548341,105.3240551,zhong_3_28
12.57911977,102.4953473,zhong_3_28
12.59275613,99.7999191,zhong_3_28
12.6063925,96.31684857,zhong_3_28
12.62002886,92.49929751,zhong_3_28
12.63366522,92.34049007,zhong_3_28
12.71548341,99.64022427,zhong_2_30
12.72911977,99.37537618,zhong_2_30
12.74275613,100.0435435,zhong_2_30
12.7563925,100.5378864,zhong_2_30
12.77002886,100.7599234,zhong_2_30
12.78366522,101.1739746,zhong_2_30
12.79730159,102.1852252,zhong_2_30
12.81093795,102.5283971,zhong_2_30
12.82457431,103.4262017,zhong_2_30
12.83821068,102.9903845,zhong_2_30
12.85184704,102.8666433,zhong_2_30
12.86548341,102.8424658,zhong_2_30
12.87911977,105.5700755,zhong_2_31
12.89275613,109.2439352,zhong_2_31
12.9063925,107.8855804,zhong_2_31
12.92002886,108.0508038,zhong_2_31
12.93366522,107.9206018,zhong_2_31
12.94730159,107.6671715,zhong_2_31
12.96093795,105.6492829,zhong_2_31
12.97457431,104.1372831,zhong_2_31
12.98821068,104.3951793,zhong_2_31
13.00184704,105.1996633,zhong_2_32
13.01548341,106.4164565,zhong_2_32
13.02911977,105.9831711,zhong_2_32
13.04275613,104.5355945,zhong_2_32
13.0563925,103.5725636,zhong_2_32
13.07002886,103.9046602,zhong_2_32
13.08366522,104.3874809,zhong_2_32
13.09730159,104.947831,zhong_2_32
13.11093795,105.3827938,zhong_2_32
13.12457431,105.6917825,zhong_2_32
13.13821068,106.1644622,zhong_2_32
13.15184704,106.6312636,zhong_2_32
13.16548341,106.3786145,zhong_2_32
13.17911977,106.3851173,zhong_2_32
13.19275613,106.9957777,zhong_2_32
13.2063925,107.2342625,zhong_2_32
13.22002886,108.8489766,zhong_2_32
14.36548341,115.8348529,zhong_2_34
14.37911977,113.9052132,zhong_2_34
14.39275613,113.6247737,zhong_2_34
14.4063925,114.7226643,zhong_2_34
14.42002886,116.2022953,zhong_2_34
14.43366522,117.5896216,zhong_2_34
14.44730159,118.5512462,zhong_2_34
14.46093795,119.2635814,zhong_4_35
14.47457431,119.666732,zhong_4_35
14.48821068,119.7643404,zhong_4_35
14.50184704,119.4011606,zhong_4_35
14.51548341,118.6285347,zhong_4_35
14.52911977,118.1521674,zhong_4_35
14.54275613,117.3047609,zhong_4_35
14.5563925,116.1977986,zhong_4_35
14.57002886,115.1512562,zhong_4_35
14.58366522,114.7209525,zhong_4_35
14.59730159,114.1038585,zhong_4_35
14.61093795,113.2677613,zhong_4_35
14.62457431,112.2897568,zhong_4_35
14.63821068,110.993725,zhong_4_35
14.65184704,110.4125435,zhong_4_35
14.66548341,109.1796175,zhong_4_35
14.67911977,107.7388396,zhong_4_35
14.69275613,105.4698636,zhong_4_35
14.7063925,90.79191884,zhong_4_35
14.88366522,105.7880167,zhong_2_37
14.89730159,105.9045359,zhong_2_37
14.91093795,105.8047532,zhong_2_37
14.92457431,104.2648819,zhong_2_37
14.93821068,103.099815,zhong_2_37
14.95184704,103.3093925,zhong_2_37
14.96548341,104.7376617,zhong_2_37
14.97911977,104.5811356,zhong_2_37
14.99275613,103.1714998,zhong_2_37
15.0063925,103.5282426,zhong_2_37
15.02002886,105.2263988,zhong_2_37
15.03366522,106.3026939,zhong_2_37
15.04730159,106.9336291,zhong_2_37
15.06093795,107.1166038,zhong_2_37
15.07457431,107.9747972,zhong_2_37
15.08821068,109.785982,zhong_2_37
15.10184704,111.1901426,zhong_2_37
15.11548341,112.5784801,zhong_2_37
15.12911977,114.0855518,zhong_2_37
15.14275613,115.8536685,zhong_2_37
15.1563925,117.6070496,zhong_2_37
15.17002886,119.679108,zhong_2_37
15.17002886,119.679108,zhong_4_38
15.18366522,121.1021981,zhong_4_38
15.19730159,121.301928,zhong_4_38
15.21093795,119.4679303,zhong_4_38
15.22457431,117.6734127,zhong_4_38
15.23821068,115.747191,zhong_4_38
15.25184704,112.9415373,zhong_4_38
15.26548341,110.5700719,zhong_4_38
15.27911977,108.8794248,zhong_4_38
15.29275613,107.9100177,zhong_4_38
15.3063925,107.6037128,zhong_4_38
15.3063925,107.6037128,zhong_2_39
15.32002886,107.2261925,zhong_2_39
15.33366522,107.0354359,zhong_2_39
15.34730159,107.020727,zhong_2_39
15.36093795,107.0964324,zhong_2_39
15.37457431,107.7137861,zhong_2_39
15.38821068,109.2024704,zhong_2_39
15.40184704,111.6958934,zhong_2_39
15.41548341,114.8153302,zhong_2_39
15.42911977,117.3350025,zhong_2_39
15.44275613,118.9184012,zhong_2_39
15.4563925,120.8601786,zhong_2_39
15.47002886,121.8183199,zhong_2_39
15.48366522,121.7847034,zhong_2_39
15.49730159,120.1904196,zhong_2_39
15.59275613,121.0261193,zhong_3_41
15.6063925,121.3852521,zhong_3_41
15.62002886,113.9991823,zhong_3_41
15.63366522,111.7909971,zhong_3_41
15.64730159,108.9886257,zhong_3_41
15.66093795,107.471015,zhong_3_41
15.82457431,109.4577599,zhong_2_44
15.83821068,110.1224444,zhong_2_44
15.85184704,110.9283582,zhong_2_44
15.86548341,110.796777,zhong_2_44
15.87911977,111.1999544,zhong_2_44
15.89275613,112.0104888,zhong_2_44
15.9063925,112.8584383,zhong_2_44
15.92002886,114.5292902,zhong_2_44
15.92002886,114.5292902,zhong_1_45
15.93366522,116.5252177,zhong_1_45
15.94730159,117.183283,zhong_1_45
15.96093795,118.13445,zhong_1_45
15.97457431,118.978102,zhong_1_45
15.98821068,119.1629906,zhong_1_45
16.00184704,119.0146077,zhong_4_46
16.01548341,118.5321714,zhong_4_46
16.02911977,117.9372356,zhong_4_46
16.04275613,116.8864174,zhong_4_46
16.0563925,115.9211792,zhong_4_46
16.07002886,115.2545918,zhong_4_46
16.08366522,114.1785016,zhong_4_46
16.09730159,113.5656643,zhong_4_46
16.11093795,113.1237789,zhong_4_46
16.12457431,112.5467517,zhong_4_46
16.13821068,111.8335754,zhong_4_46
16.15184704,110.6474374,zhong_4_46
16.16548341,108.9325923,zhong_4_46
16.17911977,108.2864786,zhong_4_46
16.26093795,120.3447808,zhong_4_48
16.27457431,119.6129214,zhong_4_48
16.28821068,118.4313168,zhong_4_48
16.30184704,117.2753833,zhong_4_48
16.31548341,116.2361104,zhong_4_48
16.32911977,116.0610822,zhong_4_48
16.34275613,116.4231475,zhong_4_48
16.3563925,117.2710263,zhong_4_48
16.3563925,117.2710263,zhong_2_49
16.37002886,118.1530374,zhong_2_49
16.38366522,119.1865677,zhong_2_49
16.39730159,119.3913606,zhong_2_49
16.41093795,119.2932138,zhong_2_49
16.42457431,117.9786875,zhong_2_49
16.43821068,115.8031811,zhong_2_49
16.52002886,117.6323021,zhong_3_51
16.53366522,116.0891563,zhong_3_51
16.54730159,111.549419,zhong_3_51
16.56093795,107.8754632,zhong_3_51
16.57457431,105.3656799,zhong_3_51
16.8063925,121.5282822,zhong_1_54
16.82002886,116.8662861,zhong_1_54
16.83366522,113.9787822,zhong_1_54
16.84730159,113.0657848,zhong_1_54
16.86093795,114.1421642,zhong_1_54
16.87457431,118.6194921,zhong_1_54
16.87457431,118.6194921,zhong_1_55
16.88821068,117.1075015,zhong_1_55
16.90184704,114.9457635,zhong_1_55
16.91548341,114.4250353,zhong_1_55
16.92911977,114.5889941,zhong_1_55
16.94275613,115.1136278,zhong_1_55
16.9563925,115.851948,zhong_1_55
16.97002886,116.885407,zhong_1_55
16.98366522,117.8314133,zhong_1_56
16.99730159,117.9292394,zhong_1_56
17.01093795,117.4153389,zhong_1_56
17.02457431,116.1945229,zhong_1_56
17.03821068,115.6464162,zhong_1_56
17.05184704,115.4015108,zhong_1_56
17.06548341,115.3806309,zhong_1_56
17.07911977,115.7081935,zhong_1_56
17.09275613,115.6585121,zhong_1_56
17.1063925,115.577282,zhong_1_56
17.12002886,115.5304844,zhong_1_56
17.13366522,115.2863848,zhong_1_56
17.14730159,114.8865876,zhong_2_57
17.16093795,115.1962951,zhong_2_57
17.17457431,116.6721277,zhong_2_57
17.18821068,117.9835216,zhong_2_57
17.20184704,118.8969479,zhong_2_57
17.21548341,120.4045281,zhong_2_57
17.22911977,121.3743253,zhong_2_57
17.24275613,121.1540325,zhong_2_57
17.2563925,119.9425378,zhong_2_57
17.27002886,119.346664,zhong_2_57
17.28366522,121.2818447,zhong_2_57
17.39275613,110.0504277,zhong_3_59
17.4063925,108.4676181,zhong_3_59
17.42002886,106.4104372,zhong_3_59
17.43366522,105.0772004,zhong_3_59
17.44730159,104.1383508,zhong_3_59
17.58366522,117.4863186,zhong_4_61
17.59730159,124.4147991,zhong_4_61
17.61093795,123.5060084,zhong_4_61
17.62457431,117.6083788,zhong_4_61
17.63821068,117.7146058,zhong_4_61
17.65184704,117.6628071,zhong_4_61
17.66548341,117.4550822,zhong_4_61
17.67911977,116.2380873,zhong_4_61
17.69275613,114.7144555,zhong_4_61
17.77457431,135.2792292,zhong_1_63
17.78821068,131.3335563,zhong_1_63
17.80184704,129.5882351,zhong_1_63
17.81548341,129.3534097,zhong_1_63
17.82911977,129.1295367,zhong_1_63
17.84275613,129.9754774,zhong_1_64
17.8563925,131.6630803,zhong_1_64
17.87002886,133.0900068,zhong_1_64
17.88366522,133.3302365,zhong_1_64
17.89730159,133.1877977,zhong_1_64
17.91093795,131.3522708,zhong_1_64
17.92457431,128.1559419,zhong_1_64
17.93821068,127.1832483,zhong_1_64
17.95184704,123.8411638,zhong_1_64
17.95184704,123.8411638,zhong_3_65
17.96548341,120.2010599,zhong_3_65
17.97911977,117.5130855,zhong_3_65
17.99275613,116.0917667,zhong_3_65
18.0063925,111.6335447,zhong_3_65
18.02002886,108.0709231,zhong_3_65
18.03366522,105.5106137,zhong_3_65
18.04730159,103.6097599,zhong_3_65
18.06093795,100.7528123,zhong_3_65
18.07457431,96.75977761,zhong_3_65
18.92002886,129.1818119,zhong_2_67
18.93366522,128.6090168,zhong_2_67
18.94730159,129.1890947,zhong_2_67
18.96093795,129.2922963,zhong_2_67
18.97457431,129.0996702,zhong_2_67
18.98821068,131.2498258,zhong_2_67
19.00184704,133.1494898,zhong_2_67
19.01548341,130.4058978,zhong_2_67
19.01548341,130.4058978,zhong_3_68
19.02911977,127.6317108,zhong_3_68
19.04275613,127.6824094,zhong_3_68
19.27457431,136.7510254,zhong_3_71
19.28821068,138.2570794,zhong_3_71
19.30184704,136.5079792,zhong_3_71
19.31548341,134.7996341,zhong_3_71
19.32911977,130.2758112,zhong_3_71
19.34275613,126.0827601,zhong_3_71
19.3563925,123.5349598,zhong_3_71
19.37002886,122.0130828,zhong_3_71
19.38366522,120.2684239,zhong_3_71
19.39730159,117.5656321,zhong_3_71
19.41093795,114.6414416,zhong_3_71
19.42457431,111.1842194,zhong_3_71
19.43821068,108.751337,zhong_3_71
19.45184704,110.1359209,zhong_2_72
19.46548341,113.0589842,zhong_2_72
19.47911977,114.7201667,zhong_2_72
19.49275613,118.3876961,zhong_2_72
19.5063925,121.5560733,zhong_2_72
19.52002886,124.097745,zhong_2_72
19.53366522,126.3475879,zhong_2_72
19.54730159,128.1695206,zhong_2_72
19.56093795,129.0876626,zhong_2_72
19.57457431,129.6826015,zhong_2_72
19.58821068,129.4744687,zhong_2_72
19.60184704,127.7376597,zhong_2_72
19.61548341,127.2386256,zhong_2_72
19.75184704,148.1448414,zhong_1_74
19.76548341,146.6638426,zhong_1_74
19.77911977,144.1252248,zhong_1_74
19.79275613,144.0881487,zhong_1_74
19.8063925,144.5627083,zhong_1_74
19.82002886,145.3005158,zhong_1_74
19.83366522,145.8155446,zhong_1_74
19.84730159,146.0778686,zhong_1_74
19.86093795,146.7999204,zhong_1_74
19.87457431,147.2783579,zhong_1_74
19.88821068,146.3775098,zhong_1_74
19.90184704,145.8693659,zhong_4_75
19.91548341,145.3968234,zhong_4_75
19.92911977,144.3743725,zhong_4_75
19.94275613,143.8684616,zhong_4_75
19.9563925,143.3446195,zhong_4_75
19.97002886,143.0500476,zhong_4_75
19.98366522,142.721837,zhong_4_75
19.99730159,141.9763752,zhong_4_75
20.01093795,140.6198343,zhong_4_75
20.02457431,139.0459408,zhong_4_75
20.03821068,137.7637091,zhong_4_75
20.05184704,136.0251669,zhong_4_75
20.06548341,133.8686051,zhong_4_75
20.12002886,128.83318,zhong_2_77
20.13366522,128.0895231,zhong_2_77
20.14730159,128.2339071,zhong_2_77
20.16093795,128.7665538,zhong_2_77
20.17457431,130.4106101,zhong_2_77
20.18821068,132.3598498,zhong_2_77
20.20184704,134.2360602,zhong_2_77
20.21548341,136.0695415,zhong_2_77
20.22911977,137.0434379,zhong_2_77
20.24275613,137.3856932,zhong_2_77
20.2563925,137.2191692,zhong_2_77
20.42002886,122.5363106,zhong_3_79
20.43366522,122.6071885,zhong_3_79
20.44730159,120.4942373,zhong_3_79
20.46093795,118.6014149,zhong_3_79
20.47457431,117.7184699,zhong_3_79
20.48821068,116.8600027,zhong_3_79
20.50184704,115.5027838,zhong_3_79
20.51548341,113.1133792,zhong_3_79
20.52911977,110.7144832,zhong_3_79
20.54275613,108.5032309,zhong_3_79
20.5563925,108.5677403,zhong_3_79
20.89730159,124.2856893,zhong_1_82
20.91093795,123.3607534,zhong_1_82
20.92457431,124.587555,zhong_1_82
20.93821068,128.2054725,zhong_1_82
20.95184704,131.1808485,zhong_1_82
20.96548341,132.9963076,zhong_1_82
20.97911977,135.3060823,zhong_1_82
20.99275613,138.1073472,zhong_1_82
21.0063925,138.6177689,zhong_1_82
21.02002886,139.0882693,zhong_1_82
21.03366522,139.984702,zhong_1_82
21.04730159,141.3407213,zhong_1_82
21.06093795,141.6649953,zhong_4_83
21.07457431,141.342514,zhong_4_83
21.08821068,140.8116462,zhong_4_83
21.10184704,140.070974,zhong_4_83
21.11548341,139.1465304,zhong_4_83
21.12911977,138.3913661,zhong_4_83
21.14275613,137.4515197,zhong_4_83
21.1563925,136.6254226,zhong_4_83
21.17002886,134.9646096,zhong_4_83
21.18366522,131.9458442,zhong_4_83
21.19730159,129.17259,zhong_4_83
21.21093795,129.3279233,zhong_4_84
21.22457431,129.306998,zhong_4_84
21.23821068,127.7764145,zhong_4_84
21.25184704,126.749095,zhong_4_84
21.26548341,125.5619149,zhong_4_84
21.27911977,124.3651601,zhong_4_84
21.29275613,122.4288921,zhong_4_84
21.3063925,120.195111,zhong_4_84
21.32002886,118.4145445,zhong_4_84
21.33366522,116.7629119,zhong_4_84
21.34730159,115.4937134,zhong_4_84
21.36093795,116.4473876,zhong_4_84
21.37457431,117.5865065,zhong_4_84
21.37457431,117.5865065,zhong_1_85
21.38821068,118.4470018,zhong_1_85
21.40184704,119.3618199,zhong_1_85
21.41548341,120.9833226,zhong_1_85
21.42911977,123.5706071,zhong_1_85
21.44275613,126.7857568,zhong_1_85
21.4563925,129.3820952,zhong_1_85
21.47002886,131.6282306,zhong_1_85
21.48366522,132.3111856,zhong_1_85
21.49730159,132.4263857,zhong_1_85
21.51093795,132.4848687,zhong_1_85
21.52457431,132.7102296,zhong_1_85
21.53821068,133.5045016,zhong_1_85
21.55184704,134.6335976,zhong_1_85
21.56548341,135.4145987,zhong_1_85
21.57911977,136.3035517,zhong_1_85
21.59275613,136.6369324,zhong_1_85
21.6063925,135.8745156,zhong_1_85
21.62002886,134.5194996,zhong_1_85
21.63366522,131.6035452,zhong_1_85
21.64730159,127.0464443,zhong_1_85
21.66093795,127.0949413,zhong_1_85
21.81093795,114.561189,zhong_2_88
21.82457431,117.5615787,zhong_2_88
21.83821068,119.7611132,zhong_2_88
21.85184704,121.9261917,zhong_2_88
21.86548341,124.5410592,zhong_2_88
21.87911977,125.4031353,zhong_2_88
21.89275613,127.1592262,zhong_2_88
21.9063925,128.3098005,zhong_2_88
21.92002886,130.2114535,zhong_2_88
21.93366522,129.6786187,zhong_2_88
21.94730159,128.3389683,zhong_2_88
21.96093795,126.0735143,zhong_2_88
22.07002886,121.8494437,zhong_3_90
22.08366522,119.0619294,zhong_3_90
22.09730159,110.3018301,zhong_3_90
22.11093795,107.4463171,zhong_3_90
22.12457431,106.3046478,zhong_3_90
22.13821068,105.0476888,zhong_3_90
22.15184704,107.5984462,zhong_3_90
22.16548341,107.8534364,zhong_3_90
22.17911977,107.7070338,zhong_3_90
22.19275613,108.3016135,zhong_3_90
22.2063925,109.9537523,zhong_3_90
22.94275613,113.6632773,zhong_3_93
22.9563925,113.2022624,zhong_3_93
22.97002886,109.1155449,zhong_3_93
22.98366522,101.9061942,zhong_3_93
22.99730159,98.0028838,zhong_3_93
23.16093795,107.4357389,zhong_2_95
23.17457431,106.2806529,zhong_2_95
23.18821068,105.9882157,zhong_2_95
23.20184704,106.1698457,zhong_2_95
23.21548341,107.179308,zhong_2_95
23.22911977,108.4436116,zhong_2_95
23.24275613,109.1872295,zhong_2_95
23.2563925,110.6524658,zhong_2_95
23.27002886,112.1647767,zhong_2_95
23.28366522,114.01892,zhong_2_95
23.29730159,115.7910374,zhong_2_95
23.31093795,117.4706773,zhong_2_95
23.32457431,118.590478,zhong_2_95
23.33821068,120.3342845,zhong_2_95
23.35184704,123.2015934,zhong_2_95
23.36548341,126.0589862,zhong_2_95
23.37911977,128.1052587,zhong_1_96
23.39275613,129.9327453,zhong_1_96
23.4063925,132.1201841,zhong_1_96
23.42002886,133.8358383,zhong_1_96
23.43366522,132.661233,zhong_1_96
23.44730159,139.8708223,zhong_1_96
23.46093795,143.1404083,zhong_1_96
23.47457431,143.5899076,zhong_1_96
23.48821068,143.6874206,zhong_1_96
23.50184704,143.8498991,zhong_1_96
23.51548341,143.6279728,zhong_1_96
23.52911977,143.7687581,zhong_1_96
23.54275613,143.4397986,zhong_1_96
23.5563925,138.3659514,zhong_4_97
23.57002886,138.6265109,zhong_4_97
23.58366522,141.161027,zhong_4_97
23.59730159,140.8804685,zhong_4_97
23.61093795,138.8068008,zhong_4_97
23.62457431,136.9976467,zhong_4_97
23.63821068,134.9834197,zhong_4_97
23.65184704,128.8537927,zhong_4_97
23.66548341,124.9269366,zhong_4_97
23.67911977,118.7066215,zhong_4_97
23.69275613,111.1048201,zhong_4_97
23.7063925,106.7697729,zhong_4_97
23.72002886,105.6486582,zhong_4_97
23.73366522,103.8569274,zhong_4_97
23.74730159,102.0543442,zhong_4_97
23.76093795,103.3600021,zhong_4_97
23.77457431,108.0996651,zhong_4_97
23.77457431,108.0996651,zhong_2_98
23.78821068,111.5093123,zhong_2_98
23.80184704,113.8720299,zhong_2_98
23.81548341,116.4086514,zhong_2_98
23.82911977,119.5534361,zhong_2_98
23.84275613,122.9125281,zhong_2_98
23.8563925,125.5589455,zhong_2_98
23.87002886,128.0025029,zhong_2_98
23.88366522,130.0922744,zhong_2_98
23.89730159,130.3109885,zhong_2_98
23.91093795,128.7271885,zhong_2_98
23.92457431,128.0828884,zhong_2_98
24.08821068,100.2623997,zhong_3_100
24.10184704,100.2441209,zhong_3_100
24.11548341,97.06826785,zhong_3_100
24.12911977,93.62981592,zhong_3_100
24.14275613,93.11964715,zhong_3_100
24.1563925,91.81932858,zhong_3_100
24.17002886,88.81435734,zhong_3_100
24.82457431,111.9119225,zhong_3_104
24.83821068,105.6805097,zhong_3_104
24.85184704,102.5888446,zhong_3_104
24.86548341,100.7045626,zhong_3_104
24.87911977,99.36331676,zhong_3_104
24.89275613,98.19014047,zhong_3_104
24.9063925,97.07820607,zhong_3_104
24.92002886,96.99672759,zhong_3_104
24.98821068,518.7415874,zhong_2_106
25.01548341,114.3897541,zhong_2_106
25.02911977,113.4642294,zhong_2_106
25.04275613,112.4556574,zhong_2_106
25.0563925,111.8709293,zhong_2_106
25.07002886,110.8743157,zhong_2_106
25.08366522,111.6012107,zhong_2_106
25.09730159,112.1860432,zhong_2_106
25.11093795,115.3990954,zhong_2_107
25.12457431,116.6676304,zhong_2_107
25.13821068,114.5008489,zhong_2_107
25.15184704,113.8282008,zhong_2_107
25.16548341,113.3961048,zhong_2_107
25.17911977,112.8747576,zhong_2_107
25.19275613,112.8533288,zhong_2_107
25.2063925,113.8439648,zhong_2_107
25.22002886,114.1878857,zhong_2_107
25.23366522,114.4778786,zhong_2_107
25.24730159,115.166346,zhong_2_107
25.26093795,116.1673054,zhong_2_107
25.26093795,116.1673054,zhong_2_108
25.27457431,117.0640803,zhong_2_108
25.28821068,117.8039825,zhong_2_108
25.30184704,118.0059354,zhong_2_108
25.31548341,118.3495897,zhong_2_108
25.32911977,118.9312374,zhong_2_108
25.34275613,118.8693264,zhong_2_108
25.3563925,117.7165875,zhong_2_108
25.37002886,115.550125,zhong_2_108
25.38366522,117.6123009,zhong_2_108
25.52002886,660.5077504,zhong_3_110
25.53366522,657.9458228,zhong_3_110
25.56093795,105.0370409,zhong_3_110
25.57457431,97.75006192,zhong_3_110
25.58821068,96.22619129,zhong_3_110
25.60184704,94.89713309,zhong_3_110
25.61548341,93.3773054,zhong_3_110
25.62911977,91.76810541,zhong_3_110
25.64275613,93.49377077,zhong_3_110
25.8063925,99.54196654,zhong_2_113
25.82002886,98.38148843,zhong_2_113
25.83366522,97.58236772,zhong_2_113
25.84730159,97.80488731,zhong_2_113
25.86093795,98.41059757,zhong_2_113
25.87457431,98.10001212,zhong_2_113
25.88821068,98.09114121,zhong_2_113
25.90184704,99.15147871,zhong_2_113
25.91548341,99.39601315,zhong_2_113
25.92911977,99.60384706,zhong_2_113
25.94275613,100.8259136,zhong_2_113
25.9563925,102.9699011,zhong_2_113
26.63821068,113.4727941,zhong_2_115
26.65184704,117.2186852,zhong_2_115
26.66548341,118.2244625,zhong_2_115
26.67911977,120.0655098,zhong_2_115
26.69275613,121.4910131,zhong_2_115
26.7063925,123.0397633,zhong_2_115
26.72002886,126.7259772,zhong_2_115
26.73366522,127.3284227,zhong_2_115
26.74730159,127.0315967,zhong_2_115
26.88366522,121.3457524,zhong_3_117
26.89730159,117.8056897,zhong_3_117
26.91093795,114.8070168,zhong_3_117
26.92457431,111.9458491,zhong_3_117
26.93821068,110.3618404,zhong_3_117
26.95184704,109.2409783,zhong_3_117
26.96548341,108.1151402,zhong_3_117
26.97911977,106.552259,zhong_3_117
26.99275613,104.2691923,zhong_3_117
27.0063925,100.4834169,zhong_3_117
27.02002886,100.7028006,zhong_3_117
27.03366522,103.8149613,zhong_3_117
27.36093795,127.9518665,zhong_4_120
27.37457431,123.7752082,zhong_4_120
27.38821068,120.1414759,zhong_4_120
27.40184704,115.1100019,zhong_4_120
27.41548341,113.7514834,zhong_4_120
27.42911977,112.0768875,zhong_4_120
27.48366522,114.5060019,zhong_3_122
27.49730159,112.6517064,zhong_3_122
27.51093795,109.928084,zhong_3_122
27.52457431,109.5772465,zhong_3_122
27.53821068,109.0138381,zhong_3_122
27.55184704,108.5745107,zhong_3_122
27.56548341,108.4051237,zhong_3_122
27.57911977,109.0086079,zhong_3_122
27.59275613,110.2171968,zhong_3_122
27.6063925,111.4289638,zhong_3_122
27.62002886,112.5252434,zhong_3_122
27.62002886,112.5252434,zhong_1_123
27.63366522,115.080674,zhong_1_123
27.64730159,118.274165,zhong_1_123
27.66093795,120.8840671,zhong_1_123
27.67457431,123.1900277,zhong_1_123
27.68821068,125.1127822,zhong_1_123
27.70184704,126.5702796,zhong_1_123
27.71548341,126.1170466,zhong_1_123
27.72911977,123.4273459,zhong_1_123
27.81093795,123.6934352,zhong_2_125
27.82457431,121.8780058,zhong_2_125
27.83821068,122.5792934,zhong_2_125
27.85184704,118.3695089,zhong_2_125
27.86548341,116.8809329,zhong_2_125
27.87911977,115.9010648,zhong_2_125
27.89275613,116.0293096,zhong_2_125
27.9063925,116.4974119,zhong_2_125
27.92002886,116.2944387,zhong_2_125
27.93366522,116.525753,zhong_2_125
27.94730159,117.926746,zhong_2_125
27.96093795,121.1552869,zhong_2_125
27.97457431,122.5882612,zhong_2_125
27.98821068,122.456673,zhong_2_125
28.00184704,120.2978115,zhong_2_125
28.09730159,130.8722784,zhong_4_127
28.11093795,128.3551499,zhong_4_127
28.12457431,125.3798324,zhong_4_127
28.13821068,123.6042301,zhong_4_127
28.15184704,122.9409165,zhong_4_127
28.16548341,122.3767069,zhong_1_128
28.17911977,122.3199963,zhong_1_128
28.19275613,122.5451207,zhong_1_128
28.2063925,122.7834589,zhong_1_128
28.22002886,122.7792818,zhong_1_128
28.23366522,123.1445554,zhong_1_128
28.24730159,123.7005609,zhong_1_128
28.26093795,124.5958776,zhong_1_128
28.27457431,125.0757682,zhong_1_128
28.28821068,124.9114801,zhong_1_128
28.30184704,123.6280447,zhong_1_128
28.31548341,123.4939029,zhong_1_128
28.32911977,124.9011768,zhong_1_128
28.34275613,125.5171008,zhong_1_128
28.3563925,126.8106218,zhong_1_128
28.42457431,122.8112215,zhong_1_130
28.43821068,122.824578,zhong_1_130
28.45184704,138.1490606,zhong_1_130
28.46548341,129.4420841,zhong_1_130
28.47911977,128.5194875,zhong_1_130
28.49275613,128.3166472,zhong_1_130
28.5063925,128.0789414,zhong_1_130
28.52002886,127.6083352,zhong_1_130
28.53366522,127.5300557,zhong_1_130
28.54730159,127.5519504,zhong_1_130
28.56093795,127.3249124,zhong_1_130
28.57457431,127.0446816,zhong_1_130
28.58821068,126.9058457,zhong_1_130
28.60184704,126.9916456,zhong_1_130
28.61548341,126.9560642,zhong_1_130
28.62911977,126.6262923,zhong_1_130
28.64275613,125.805856,zhong_1_130
28.6563925,125.2352391,zhong_1_130
28.67002886,125.6092259,zhong_1_130
28.68366522,123.9242665,zhong_1_130
29.01093795,127.4904801,zhong_1_134
29.02457431,127.2616936,zhong_1_134
29.03821068,127.3830636,zhong_1_134
29.05184704,127.519255,zhong_1_134
29.06548341,128.030952,zhong_1_134
29.07911977,128.4236745,zhong_1_134
29.09275613,128.6784406,zhong_1_134
29.1063925,128.7527116,zhong_1_134
29.12002886,129.0540236,zhong_1_134
29.13366522,128.8815995,zhong_1_134
29.14730159,128.4527457,zhong_1_134
29.16093795,128.2964257,zhong_1_134
29.17457431,127.6828814,zhong_1_134
29.18821068,126.2944912,zhong_1_134
29.20184704,126.0168737,zhong_1_134
29.20184704,126.0168737,zhong_1_135
29.21548341,127.5383142,zhong_1_135
29.22911977,132.2928318,zhong_1_135
29.24275613,134.8381337,zhong_1_135
29.2563925,135.3626684,zhong_1_135
29.27002886,134.6365631,zhong_1_135
29.28366522,133.4723678,zhong_1_135
29.29730159,131.9297581,zhong_1_135
29.31093795,129.8884386,zhong_1_135
29.32457431,127.0200777,zhong_1_135
29.33821068,126.7871816,zhong_1_135
29.35184704,126.3050401,zhong_1_135
29.36548341,123.2915567,zhong_1_135
29.37911977,118.9702155,zhong_1_135
29.37911977,118.9702155,zhong_3_136
29.39275613,116.5335825,zhong_3_136
29.4063925,117.6920255,zhong_3_136
29.42002886,116.0413051,zhong_3_136
29.43366522,111.8468845,zhong_3_136
29.44730159,107.2341571,zhong_3_136
29.47457431,554.3775375,zhong_3_136
29.48821068,551.427276,zhong_3_136
29.50184704,560.2241965,zhong_3_136
29.51548341,552.738951,zhong_3_136
29.52911977,563.7430639,zhong_3_136
29.54275613,559.6495204,zhong_3_136
29.5563925,569.1702309,zhong_3_136
30.02002886,123.3332279,zhong_3_136
30.03366522,122.1842665,zhong_2_137
30.04730159,117.3081869,zhong_2_137
30.06093795,111.3147868,zhong_2_137
30.07457431,112.0882253,zhong_2_137
30.08821068,113.2580963,zhong_2_137
30.10184704,114.7093257,zhong_2_137
30.11548341,117.4023376,zhong_2_137
30.12911977,118.5776184,zhong_2_137
30.14275613,118.4333876,zhong_2_137
30.1563925,118.1773133,zhong_2_137
30.27911977,117.9284528,zhong_3_139
30.29275613,115.9933806,zhong_3_139
30.3063925,110.5984749,zhong_3_139
30.32002886,105.1566162,zhong_3_139
30.33366522,102.5621607,zhong_3_139
30.34730159,99.58471044,zhong_3_139
30.36093795,99.1075612,zhong_3_139
30.98821068,142.1993831,zhong_4_142
31.00184704,137.1873934,zhong_4_142
31.01548341,130.8899508,zhong_4_142
31.02911977,128.8174221,zhong_4_142
31.04275613,129.8517965,zhong_4_142
31.0563925,130.757083,zhong_4_142
31.07002886,131.0171602,zhong_4_142
31.08366522,131.0155905,zhong_4_142
31.09730159,130.8550897,zhong_4_142
31.11093795,130.1975962,zhong_4_142
31.12457431,129.8282443,zhong_4_142
31.12457431,129.8282443,zhong_4_143
31.13821068,129.255522,zhong_4_143
31.15184704,128.3054357,zhong_4_143
31.16548341,127.9571179,zhong_4_143
31.17911977,127.8598311,zhong_4_143
31.19275613,127.7611035,zhong_4_143
31.2063925,127.6514972,zhong_4_143
31.22002886,127.0582655,zhong_4_143
31.23366522,127.8460176,zhong_4_143
31.24730159,129.4592404,zhong_4_143
31.26093795,130.3413602,zhong_4_143
31.27457431,130.8140761,zhong_4_144
31.28821068,133.9092601,zhong_4_144
31.30184704,134.2395951,zhong_4_144
31.31548341,133.6531501,zhong_4_144
31.32911977,132.232803,zhong_4_144
31.34275613,129.9398698,zhong_4_144
31.3563925,127.3061252,zhong_4_144
31.37002886,125.310412,zhong_4_144
31.38366522,123.5167606,zhong_4_144
31.39730159,121.8738519,zhong_4_144
31.41093795,120.5415559,zhong_4_144
31.42457431,119.271706,zhong_4_144
31.43821068,117.9103366,zhong_4_144
31.45184704,115.6065187,zhong_4_144
31.46548341,111.1673152,zhong_4_144
31.47911977,107.6839323,zhong_4_144
31.49275613,105.555429,zhong_4_144
31.5063925,104.2165953,zhong_4_144
31.61548341,117.5974381,zhong_3_146
31.62911977,112.6490531,zhong_3_146
31.64275613,102.5248554,zhong_3_146
31.6563925,99.44379494,zhong_3_146
31.67002886,96.3005376,zhong_3_146
31.68366522,95.00386237,zhong_2_147
31.69730159,95.6889696,zhong_2_147
31.71093795,97.30365794,zhong_2_147
31.72457431,98.99843033,zhong_2_147
31.73821068,99.87144535,zhong_2_147
31.75184704,101.0374429,zhong_2_147
31.76548341,102.7515136,zhong_2_147
31.77911977,105.4082483,zhong_2_147
31.79275613,108.2860724,zhong_2_147
31.8063925,109.9506305,zhong_2_147
31.82002886,111.0037462,zhong_2_147
31.83366522,112.8637242,zhong_2_147
31.84730159,114.5599264,zhong_2_147
31.86093795,116.7637389,zhong_2_147
31.87457431,119.4671822,zhong_2_147
31.88821068,119.0647818,zhong_2_147
31.90184704,119.2353158,zhong_2_147
32.03821068,109.2966114,zhong_3_149
32.05184704,109.3401127,zhong_3_149
32.06548341,107.1998432,zhong_3_149
32.07911977,106.0735616,zhong_3_149
32.09275613,104.9990121,zhong_3_149
32.1063925,102.9169751,zhong_3_149
32.12002886,100.8668319,zhong_3_149
33.02002886,132.2455531,zhong_4_153
33.03366522,128.3218464,zhong_4_153
33.04730159,129.1182825,zhong_4_153
33.06093795,129.7887753,zhong_4_153
33.07457431,130.1545573,zhong_4_153
33.08821068,131.12888,zhong_4_153
33.10184704,132.3896185,zhong_4_153
33.11548341,133.6343708,zhong_4_153
33.12911977,134.7750552,zhong_1_154
33.14275613,135.6297367,zhong_1_154
33.1563925,135.9275289,zhong_1_154
33.17002886,135.9225645,zhong_1_154
33.18366522,134.874696,zhong_1_154
33.19730159,131.9831057,zhong_1_154
33.21093795,130.8504964,zhong_1_154
33.22457431,131.6419416,zhong_1_154
33.23821068,130.8150768,zhong_1_154
33.25184704,129.3458502,zhong_1_154
33.33366522,160.7715779,zhong_1_156
33.34730159,145.79572,zhong_1_156
33.36093795,143.076646,zhong_1_156
33.37457431,142.5904907,zhong_1_156
33.38821068,141.7961943,zhong_1_156
33.40184704,140.104128,zhong_1_156
33.41548341,137.9171322,zhong_1_156
33.42911977,135.4550254,zhong_1_156
33.44275613,132.2576564,zhong_3_157
33.4563925,127.8882599,zhong_3_157
33.47002886,123.5851997,zhong_3_157
33.48366522,120.9402335,zhong_3_157
33.49730159,117.5632298,zhong_3_157
33.51093795,115.1486507,zhong_3_157
33.52457431,113.9658348,zhong_3_157
33.53821068,113.7386395,zhong_3_157
33.55184704,113.3589388,zhong_3_157
33.56548341,111.7592517,zhong_3_157
33.57911977,109.0861571,zhong_3_157
33.59275613,109.0122119,zhong_3_157
33.6063925,115.1186737,zhong_2_158
33.62002886,119.3829057,zhong_2_158
33.63366522,119.8350289,zhong_2_158
33.64730159,121.035358,zhong_2_158
33.66093795,122.5404808,zhong_2_158
33.67457431,124.294195,zhong_2_158
33.68821068,124.839029,zhong_2_158
33.70184704,123.0867786,zhong_2_158
33.71548341,119.8160568,zhong_2_158
33.72911977,116.4000015,zhong_2_158
33.79730159,167.140976,zhong_1_160
33.81093795,133.9829463,zhong_1_160
33.82457431,135.2920571,zhong_1_160
33.83821068,134.3026181,zhong_1_160
33.85184704,132.843851,zhong_1_160
33.86548341,131.8843676,zhong_1_160
33.87911977,131.9430495,zhong_1_160
33.89275613,132.3247363,zhong_1_160
33.9063925,132.3397014,zhong_1_160
33.92002886,132.8399442,zhong_1_160
33.93366522,133.2239512,zhong_1_160
33.94730159,133.2403574,zhong_1_160
33.96093795,131.8025089,zhong_1_160
33.97457431,131.1874726,zhong_1_160
33.98821068,133.2769012,zhong_1_160
34.00184704,132.2469737,zhong_1_160
34.01548341,131.1041344,zhong_1_160
34.13821068,117.9170259,zhong_2_162
34.15184704,118.9599101,zhong_2_162
34.16548341,121.3994346,zhong_2_162
34.17911977,122.6414666,zhong_2_162
34.19275613,124.0910776,zhong_2_162
34.2063925,125.9322574,zhong_2_162
34.22002886,127.8534511,zhong_2_162
34.23366522,130.0914587,zhong_2_162
34.24730159,132.1822693,zhong_2_162
34.26093795,133.7558978,zhong_2_162
34.27457431,134.8401614,zhong_2_162
34.28821068,134.9993631,zhong_2_162
34.30184704,133.9685153,zhong_2_162
34.31548341,132.0118279,zhong_2_162
34.32911977,133.7249466,zhong_2_162
34.41093795,124.1930636,zhong_2_164
34.42457431,122.4244537,zhong_2_164
34.43821068,120.1839734,zhong_2_164
34.45184704,117.8677559,zhong_2_164
34.46548341,116.5239414,zhong_2_164
34.47911977,116.0374562,zhong_2_164
34.49275613,116.257524,zhong_2_164
34.5063925,116.4162198,zhong_2_164
34.52002886,116.4485545,zhong_2_164
34.53366522,116.8837013,zhong_2_164
34.54730159,117.2952056,zhong_2_164
34.56093795,118.1579098,zhong_2_164
34.57457431,118.7644928,zhong_2_164
34.58821068,119.0915798,zhong_2_164
34.60184704,118.6242943,zhong_2_164
34.61548341,117.659323,zhong_2_164
34.62911977,116.9404949,zhong_2_164
35.24275613,122.645812,zhong_3_166
35.2563925,124.2410291,zhong_3_166
35.27002886,124.2129926,zhong_3_166
35.28366522,124.8159105,zhong_3_166
35.29730159,124.6301881,zhong_3_166
35.31093795,124.0325689,zhong_3_166
35.32457431,122.9480439,zhong_3_166
35.33821068,123.355977,zhong_3_166
35.39275613,146.4803403,zhong_4_168
35.4063925,151.7924194,zhong_4_168
35.42002886,153.6533328,zhong_4_168
35.43366522,156.9174011,zhong_4_168
35.44730159,160.9577431,zhong_4_168
35.46093795,163.3989736,zhong_4_168
35.47457431,165.2153802,zhong_4_168
35.48821068,164.3382044,zhong_4_168
35.50184704,163.0621701,zhong_4_168
35.51548341,160.9539991,zhong_4_168
35.52911977,157.0918691,zhong_4_168
35.54275613,153.8992826,zhong_4_168
35.5563925,149.6330601,zhong_4_168
35.57002886,147.2696643,zhong_4_168
35.69275613,119.4128829,zhong_3_170
35.7063925,119.450473,zhong_3_170
35.72002886,115.3475887,zhong_3_170
35.73366522,112.1811277,zhong_3_170
35.74730159,112.2937971,zhong_3_170
35.76093795,112.64972,zhong_3_170
35.77457431,111.6296546,zhong_3_170
35.78821068,108.2612616,zhong_3_170
35.80184704,104.6234353,zhong_3_170
36.14275613,136.0318629,zhong_4_174
36.1563925,134.4036545,zhong_4_174
36.17002886,133.6515225,zhong_4_174
36.18366522,131.4933716,zhong_4_174
36.19730159,129.5216305,zhong_4_174
36.21093795,128.1075081,zhong_4_174
36.22457431,127.1495165,zhong_4_174
36.23821068,126.3994528,zhong_4_174
36.25184704,125.5595546,zhong_4_174
36.26548341,123.8027574,zhong_4_174
36.27911977,122.4774675,zhong_4_174
36.29275613,121.9831289,zhong_4_174
36.33366522,121.933292,zhong_4_176
36.34730159,122.3058381,zhong_4_176
36.36093795,123.1674138,zhong_4_176
36.37457431,123.9511946,zhong_4_176
36.38821068,124.665854,zhong_4_176
36.40184704,125.0020734,zhong_4_176
36.41548341,124.8462055,zhong_4_176
36.42911977,124.2777537,zhong_4_176
36.44275613,123.7718536,zhong_4_176
36.4563925,122.873677,zhong_4_176
36.47002886,122.0870905,zhong_4_176
36.48366522,121.4458911,zhong_4_176
36.49730159,120.5654835,zhong_4_176
36.51093795,118.8237156,zhong_4_176
36.52457431,116.6607425,zhong_4_176
36.74275613,139.0422644,zhong_4_178
36.7563925,120.0931884,zhong_4_178
36.77002886,117.3386634,zhong_4_178
36.78366522,115.1510544,zhong_4_178
36.79730159,113.7271087,zhong_4_178
36.81093795,112.4189581,zhong_4_178
36.82457431,111.8783116,zhong_4_178
36.83821068,111.4322638,zhong_4_178
36.85184704,111.9912223,zhong_4_178
36.86548341,111.4665171,zhong_4_178
36.87911977,110.087899,zhong_4_178
36.89275613,106.9807912,zhong_4_178
36.92002886,123.8295514,zhong_4_179
36.93366522,121.8652335,zhong_4_179
36.94730159,119.2141316,zhong_4_179
36.96093795,117.4123376,zhong_4_179
36.97457431,116.5835109,zhong_4_179
36.98821068,116.3317521,zhong_4_179
37.00184704,116.0471118,zhong_4_179
37.01548341,115.0862956,zhong_4_179
37.02911977,113.2971555,zhong_4_179
37.04275613,112.316832,zhong_4_179
37.0563925,111.5798156,zhong_4_179
37.07002886,110.860291,zhong_4_179
37.08366522,109.9109394,zhong_4_179
37.09730159,109.1327975,zhong_4_179
37.11093795,107.8291487,zhong_4_179
37.12457431,106.5335969,zhong_4_179
37.13821068,105.5812963,zhong_4_179
37.15184704,105.0175992,zhong_4_179
37.16548341,104.9002107,zhong_4_179
37.17911977,104.5417349,zhong_4_179
37.19275613,104.6537839,zhong_3_180
37.2063925,104.9053371,zhong_3_180
37.22002886,105.6267204,zhong_3_180
37.23366522,106.4708817,zhong_3_180
37.24730159,106.4253492,zhong_3_180
37.26093795,106.2450394,zhong_3_180
37.27457431,106.758257,zhong_3_180
37.28821068,107.6968999,zhong_3_180
37.30184704,108.7327102,zhong_3_180
37.39730159,59.83238923,zhong_4_182
37.42457431,119.1355651,zhong_4_182
37.43821068,117.3148962,zhong_4_182
37.45184704,116.7609533,zhong_4_182
37.46548341,115.1655725,zhong_4_182
37.58821068,120.4052045,zhong_3_184
37.60184704,110.4883117,zhong_3_184
37.61548341,103.6519446,zhong_3_184
37.62911977,101.3397303,zhong_3_184
37.64275613,98.31997502,zhong_3_184
37.6563925,95.73821778,zhong_3_184
37.67002886,110.0716014,zhong_3_184
37.68366522,111.1639043,zhong_3_184
38.07911977,110.960546,zhong_1_187
38.09275613,111.1932272,zhong_1_187
38.1063925,110.6984313,zhong_1_187
38.12002886,110.7263252,zhong_1_187
38.13366522,110.9030197,zhong_1_187
38.14730159,111.0181505,zhong_1_187
38.16093795,111.4133472,zhong_1_187
38.17457431,111.6755132,zhong_1_187
38.18821068,111.996985,zhong_1_187
38.20184704,113.4259605,zhong_1_187
38.21548341,115.9831893,zhong_1_187
38.22911977,116.2386499,zhong_1_187
38.24275613,115.0831643,zhong_1_187
38.2563925,114.9906836,zhong_1_187
38.2563925,114.9906836,zhong_1_188
38.27002886,114.7827368,zhong_1_188
38.28366522,113.8257622,zhong_1_188
38.29730159,113.0214181,zhong_1_188
38.31093795,112.6227861,zhong_1_188
38.32457431,112.6346135,zhong_1_188
38.33821068,112.7765712,zhong_1_188
38.35184704,113.0781851,zhong_1_188
38.36548341,112.9473081,zhong_1_188
38.37911977,112.4890912,zhong_1_188
38.39275613,112.2686305,zhong_1_188
38.4063925,111.6694954,zhong_1_188
38.42002886,110.5777659,zhong_1_188
38.43366522,109.7231662,zhong_1_188
38.44730159,108.9989011,zhong_1_188
38.46093795,108.103557,zhong_1_188
38.47457431,106.9530493,zhong_1_188
38.47457431,106.9530493,zhong_3_189
38.48821068,106.2559051,zhong_3_189
38.50184704,106.0248847,zhong_3_189
38.51548341,106.0435764,zhong_3_189
38.52911977,106.0426475,zhong_3_189
38.54275613,106.0579406,zhong_3_189
38.5563925,106.2003692,zhong_3_189
38.57002886,107.1219462,zhong_3_189
38.58366522,108.1256612,zhong_3_189
38.59730159,108.6831808,zhong_3_189
38.61093795,109.9835966,zhong_3_189
38.62457431,111.2948072,zhong_3_189
38.67911977,132.663297,zhong_4_190
38.69275613,129.7620574,zhong_4_190
38.7063925,127.560082,zhong_4_190
38.72002886,124.7603855,zhong_4_190
38.73366522,121.787895,zhong_4_190
38.74730159,119.6805802,zhong_4_190
38.8563925,121.8281437,zhong_3_192
38.87002886,119.3083054,zhong_3_192
38.88366522,112.4166762,zhong_3_192
38.89730159,109.6573049,zhong_3_192
38.91093795,107.2350063,zhong_3_192
38.92457431,106.2978033,zhong_3_192
39.19730159,117.5662042,zhong_1_195
39.21093795,118.3512211,zhong_1_195
39.22457431,119.0767226,zhong_1_195
39.23821068,119.5438994,zhong_1_195
39.25184704,119.8804287,zhong_1_195
39.26548341,119.7671101,zhong_1_195
39.27911977,119.5107482,zhong_1_195
39.29275613,119.4411965,zhong_1_195
39.3063925,119.3890191,zhong_1_195
39.32002886,118.9977806,zhong_1_195
39.32002886,118.9977806,zhong_4_196
39.33366522,118.4505583,zhong_4_196
39.34730159,117.8316574,zhong_4_196
39.36093795,116.3276503,zhong_4_196
39.37457431,115.5907491,zhong_4_196
39.38821068,114.8747718,zhong_4_196
39.40184704,113.8752382,zhong_4_196
39.41548341,112.4769564,zhong_4_196
39.42911977,111.1160518,zhong_4_196
39.6063925,125.0915672,zhong_2_198
39.62002886,117.8510885,zhong_2_198
39.63366522,113.792536,zhong_2_198
39.64730159,113.2072824,zhong_2_198
39.66093795,114.3014503,zhong_2_198
39.67457431,115.5903252,zhong_2_198
39.68821068,116.2237092,zhong_2_198
39.70184704,116.1057401,zhong_2_198
39.71548341,115.6054062,zhong_2_198
39.72911977,115.2889983,zhong_2_198
39.74275613,114.2642262,zhong_2_198
39.7563925,112.58543,zhong_2_198
39.77002886,109.4579392,zhong_2_198
39.78366522,110.5553885,zhong_2_198
39.81093795,118.1715081,zhong_2_199
39.82457431,113.5886345,zhong_2_199
39.83821068,109.5700501,zhong_2_199
39.85184704,107.8433401,zhong_2_199
39.86548341,107.1896815,zhong_2_199
39.87911977,106.3893744,zhong_2_199
39.89275613,105.5097632,zhong_2_199
39.9063925,104.7055717,zhong_2_199
39.92002886,103.9966763,zhong_2_199
39.93366522,103.5595039,zhong_2_199
39.94730159,103.8366718,zhong_2_199
39.96093795,104.8387917,zhong_2_199
39.97457431,106.1045509,zhong_2_199
39.98821068,106.1153075,zhong_2_199
40.00184704,105.5320111,zhong_2_199
40.98366522,110.8319604,zhong_3_201
40.99730159,114.0925625,zhong_3_201
41.01093795,112.8939309,zhong_3_201
41.02457431,112.6964127,zhong_3_201
41.03821068,112.0949646,zhong_3_201
41.05184704,110.1561333,zhong_3_201
41.06548341,107.7391446,zhong_3_201
41.16093795,125.6299118,zhong_4_203
41.17457431,130.6254344,zhong_4_203
41.18821068,130.9793623,zhong_4_203
41.20184704,129.5508351,zhong_4_203
41.21548341,128.9854127,zhong_4_203
41.21548341,128.9854127,zhong_3_204
41.22911977,119.5386751,zhong_3_204
41.24275613,119.6765895,zhong_3_204
41.2563925,127.7693398,zhong_3_204
41.27002886,127.4539582,zhong_3_204
41.28366522,129.0616881,zhong_3_204
41.29730159,128.357648,zhong_3_204
41.31093795,125.8114622,zhong_3_204
41.32457431,122.0484992,zhong_3_204
41.33821068,117.746482,zhong_3_204
41.35184704,113.0506148,zhong_3_204
41.58366522,126.6641705,zhong_3_207
41.59730159,115.9403597,zhong_3_207
41.61093795,113.3085467,zhong_3_207
41.62457431,111.1595195,zhong_3_207
41.63821068,109.1172177,zhong_3_207
41.65184704,107.4365249,zhong_3_207
41.66548341,106.4123216,zhong_3_207
41.67911977,104.988443,zhong_3_207
41.69275613,105.1161703,zhong_3_207
41.74730159,104.7623369,zhong_2_209
41.76093795,105.3850724,zhong_2_209
41.77457431,106.7066775,zhong_2_209
41.78821068,108.5717047,zhong_2_209
41.80184704,110.6030859,zhong_2_209
41.81548341,112.3446613,zhong_2_209
41.82911977,113.3987139,zhong_2_209
41.84275613,113.6871285,zhong_2_209
41.8563925,114.2537909,zhong_2_209
41.87002886,114.578986,zhong_2_209
41.88366522,114.5676528,zhong_2_209
41.89730159,114.2921825,zhong_2_209
41.91093795,113.5671783,zhong_2_209
41.92457431,112.5848255,zhong_3_210
41.93821068,111.4910691,zhong_3_210
41.95184704,110.4145801,zhong_3_210
41.96548341,108.8251064,zhong_3_210
41.97911977,106.4919872,zhong_3_210
41.99275613,104.277166,zhong_3_210
42.0063925,101.1514714,zhong_3_210
42.02002886,96.00783117,zhong_3_210
42.03366522,91.26609841,zhong_3_210
42.04730159,89.89140065,zhong_3_210
42.06093795,90.05535271,zhong_3_210
42.07457431,91.08182806,zhong_3_210
42.08821068,92.89991414,zhong_3_210
42.10184704,94.34586995,zhong_3_210
42.11548341,96.19624963,zhong_3_210
42.12911977,97.98083196,zhong_3_210
42.14275613,98.79517181,zhong_3_210
42.1563925,98.77563773,zhong_3_210
42.17002886,97.2353663,zhong_3_210
42.18366522,96.21075786,zhong_3_210
42.19730159,95.46601738,zhong_3_210
42.21093795,95.32852026,zhong_3_210
42.22457431,95.428619,zhong_3_210
42.23821068,96.39958194,zhong_3_210
42.25184704,97.71456845,zhong_3_210
42.26548341,99.38585952,zhong_3_210
42.27911977,100.4381391,zhong_3_210
42.29275613,100.6905933,zhong_3_210
42.3063925,100.705821,zhong_3_210
42.3063925,100.705821,zhong_2_211
42.32002886,100.9107866,zhong_2_211
42.33366522,101.7165058,zhong_2_211
42.34730159,102.8181715,zhong_2_211
42.36093795,103.6359961,zhong_2_211
42.37457431,104.753441,zhong_2_211
42.38821068,106.6604243,zhong_2_211
42.40184704,108.8997284,zhong_2_211
42.41548341,110.943661,zhong_2_211
42.42911977,112.4544191,zhong_2_211
42.44275613,115.2727041,zhong_2_211
42.4563925,118.1299149,zhong_2_211
42.47002886,122.0972823,zhong_2_211
42.48366522,126.0692668,zhong_2_211
42.49730159,121.7466007,zhong_2_211
42.51093795,120.5494121,zhong_2_211
42.70184704,109.5528867,zhong_3_213
42.71548341,108.4113243,zhong_3_213
42.72911977,103.8691493,zhong_3_213
42.74275613,101.7247045,zhong_3_213
42.7563925,99.7574198,zhong_3_213
42.77002886,92.2879702,zhong_3_213
42.92002886,102.0623623,zhong_2_215
42.93366522,102.6380712,zhong_2_215
42.94730159,102.2365145,zhong_2_215
42.96093795,101.6296634,zhong_2_215
42.97457431,101.265591,zhong_2_215
42.98821068,100.4632182,zhong_2_215
43.00184704,99.93982498,zhong_2_215
43.01548341,99.7218043,zhong_2_215
43.02911977,100.3497162,zhong_2_215
43.04275613,101.0678378,zhong_2_215
43.0563925,101.4781376,zhong_2_215
43.07002886,101.9448539,zhong_2_215
43.08366522,102.9151511,zhong_2_215
43.09730159,103.5073483,zhong_2_215
43.11093795,104.2232591,zhong_2_215
43.12457431,106.0610758,zhong_2_215
43.13821068,107.9986737,zhong_2_215
43.15184704,109.4389055,zhong_2_215
43.16548341,110.9140438,zhong_2_215
43.17911977,112.0454225,zhong_2_215
43.19275613,113.2225859,zhong_2_215
43.2063925,115.0871358,zhong_2_215
43.22002886,116.8610707,zhong_2_215
43.23366522,117.9280871,zhong_2_215
43.24730159,118.5363934,zhong_2_215
43.26093795,119.618834,zhong_2_215
43.27457431,120.6320307,zhong_2_215
43.28821068,121.1277541,zhong_2_215
43.30184704,121.8908723,zhong_2_215
43.31548341,122.1628308,zhong_1_216
43.32911977,122.3274274,zhong_1_216
43.34275613,122.4661906,zhong_1_216
43.3563925,122.8388604,zhong_1_216
43.37002886,123.2886496,zhong_1_216
43.38366522,123.9670021,zhong_1_216
43.39730159,124.4070247,zhong_1_216
43.41093795,124.8484688,zhong_1_216
43.42457431,125.1182861,zhong_1_216
43.43821068,124.9256741,zhong_1_216
43.45184704,124.9863061,zhong_1_216
43.46548341,125.0420057,zhong_1_216
43.47911977,125.0661719,zhong_1_216
43.49275613,124.9303308,zhong_1_216
43.5063925,124.5107908,zhong_1_216
43.52002886,124.1613504,zhong_1_216
43.53366522,124.0756219,zhong_1_216
43.54730159,124.1333272,zhong_1_216
43.56093795,124.1906873,zhong_1_216
43.57457431,124.0431592,zhong_1_216
43.58821068,123.7205931,zhong_1_216
43.60184704,123.307947,zhong_1_216
43.61548341,122.9042321,zhong_1_216
43.62911977,122.5551854,zhong_1_216
43.62911977,122.5551854,zhong_2_217
43.64275613,123.0545552,zhong_2_217
43.6563925,123.9516182,zhong_2_217
43.67002886,125.1190829,zhong_2_217
43.68366522,126.8181378,zhong_2_217
43.69730159,128.1313149,zhong_2_217
43.71093795,129.0823488,zhong_2_217
43.72457431,129.2131919,zhong_2_217
43.73821068,128.4688805,zhong_2_217
43.75184704,126.4007601,zhong_2_217
43.90184704,114.6373302,zhong_3_219
43.91548341,109.9953669,zhong_3_219
43.92911977,105.734638,zhong_3_219
43.94275613,103.1256239,zhong_3_219
43.9563925,100.1800132,zhong_3_219
43.97002886,99.40140798,zhong_3_219
44.20184704,135.6055891,zhong_4_221
44.21548341,135.9863673,zhong_4_221
44.22911977,136.4352527,zhong_4_221
44.24275613,136.9311335,zhong_4_221
44.2563925,137.2035817,zhong_4_221
44.27002886,137.5247074,zhong_4_221
44.28366522,137.859379,zhong_4_221
44.29730159,138.396641,zhong_4_221
44.31093795,139.4247971,zhong_4_221
44.32457431,140.753671,zhong_4_221
44.33821068,142.6178771,zhong_4_221
44.33821068,142.6178771,zhong_4_222
44.35184704,145.0609553,zhong_4_222
44.36548341,146.8905513,zhong_4_222
44.37911977,148.0752749,zhong_4_222
44.39275613,148.8407457,zhong_4_222
44.4063925,149.0694179,zhong_4_222
44.42002886,148.1851202,zhong_4_222
44.43366522,145.7656841,zhong_4_222
44.44730159,141.1676758,zhong_4_222
44.46093795,134.1102756,zhong_4_222
44.47457431,130.1232006,zhong_4_222
44.48821068,125.4700196,zhong_4_222
44.50184704,121.1902607,zhong_4_222
44.51548341,117.4061272,zhong_4_222
44.52911977,114.0584959,zhong_4_222
44.54275613,111.0579645,zhong_4_222
44.5563925,107.8536892,zhong_4_222
44.57002886,105.4755641,zhong_4_222
44.66548341,116.3913138,zhong_2_224
44.67911977,115.4928651,zhong_2_224
44.69275613,113.9122255,zhong_2_224
44.7063925,113.4041395,zhong_2_224
44.72002886,113.3929033,zhong_2_224
44.73366522,112.9741151,zhong_2_224
44.74730159,112.9181284,zhong_2_224
44.76093795,112.5040595,zhong_2_224
44.77457431,111.7682318,zhong_2_224
44.78821068,109.2214821,zhong_2_224
44.80184704,108.0701527,zhong_2_224
44.84275613,115.6854717,zhong_2_225
44.8563925,111.0339029,zhong_2_225
44.87002886,107.3741396,zhong_2_225
44.88366522,104.3259682,zhong_2_225
44.89730159,102.6546822,zhong_2_225
44.91093795,102.2744451,zhong_2_225
44.92457431,102.2911272,zhong_2_225
44.93821068,102.0025577,zhong_2_225
44.95184704,101.3638074,zhong_2_225
45.02002886,103.482397,zhong_2_227
45.03366522,107.0696044,zhong_2_227
45.04730159,110.5569585,zhong_2_227
45.06093795,113.4639874,zhong_2_227
45.07457431,115.6406528,zhong_2_227
45.08821068,117.3888803,zhong_2_227
45.10184704,118.4805326,zhong_2_227
45.11548341,118.0661141,zhong_2_227
45.22457431,113.6768952,zhong_3_230
45.23821068,112.8823874,zhong_3_230
45.25184704,109.3714009,zhong_3_230
45.26548341,106.5303635,zhong_3_230
45.41548341,100.285343,zhong_2_232
45.42911977,102.8000898,zhong_2_232
45.44275613,104.5450531,zhong_2_232
45.4563925,103.3699354,zhong_2_232
45.47002886,103.1419934,zhong_2_232
45.48366522,103.5190908,zhong_2_232
45.49730159,104.7913253,zhong_2_232
45.51093795,106.7316711,zhong_2_232
45.52457431,107.3016302,zhong_2_232
45.53821068,107.4280012,zhong_2_232
45.55184704,108.437625,zhong_2_232
45.56548341,110.1981946,zhong_2_232
45.57911977,112.405018,zhong_2_232
45.59275613,114.3222867,zhong_2_232
45.6063925,116.3763509,zhong_2_232
45.62002886,117.800356,zhong_2_232
45.63366522,119.0964474,zhong_2_232
45.64730159,120.2811332,zhong_1_233
45.66093795,121.244636,zhong_1_233
45.67457431,122.761844,zhong_1_233
45.68821068,124.5557506,zhong_1_233
45.70184704,126.1377914,zhong_1_233
45.71548341,127.4058885,zhong_1_233
45.72911977,129.0022967,zhong_1_233
45.74275613,130.5708896,zhong_1_233
45.7563925,131.6010142,zhong_1_233
45.77002886,132.8013758,zhong_1_233
45.78366522,133.7049036,zhong_1_233
45.79730159,133.8705593,zhong_1_233
45.81093795,134.2976281,zhong_1_233
45.82457431,135.3257112,zhong_1_233
45.83821068,136.6724373,zhong_1_233
46.56093795,143.9656146,zhong_3_235
46.57457431,141.3629936,zhong_3_235
46.58821068,138.6023077,zhong_3_235
46.60184704,138.0484424,zhong_3_235
46.61548341,138.5739223,zhong_3_235
46.62911977,138.4877167,zhong_3_235
46.64275613,139.2949958,zhong_4_236
46.6563925,141.9515631,zhong_4_236
46.67002886,145.83715,zhong_4_236
46.68366522,149.1086411,zhong_4_236
46.69730159,151.9426063,zhong_4_236
46.71093795,153.33361,zhong_4_236
46.72457431,153.6895512,zhong_4_236
46.73821068,154.7964605,zhong_4_236
46.75184704,154.9921744,zhong_4_236
46.76548341,157.2392824,zhong_4_236
46.77911977,164.0996588,zhong_4_236
46.88821068,128.9874985,zhong_3_238
46.90184704,129.6799633,zhong_3_238
46.91548341,126.5575397,zhong_3_238
46.92911977,120.9442087,zhong_3_238
46.94275613,121.8254394,zhong_3_238
47.17457431,140.0723198,zhong_4_241
47.18821068,139.3755829,zhong_4_241
47.20184704,139.8750372,zhong_4_241
47.21548341,140.5014861,zhong_4_241
47.22911977,140.1105105,zhong_4_241
47.24275613,140.3297842,zhong_4_241
47.2563925,140.679383,zhong_4_241
47.27002886,140.1141322,zhong_4_241
47.28366522,139.8603581,zhong_4_241
47.29730159,139.1940151,zhong_4_241
47.31093795,138.1022642,zhong_4_241
47.32457431,137.4502525,zhong_4_241
47.32457431,137.4502525,zhong_4_242
47.33821068,137.0069291,zhong_4_242
47.35184704,136.9746974,zhong_4_242
47.36548341,135.8586316,zhong_4_242
47.37911977,132.8642962,zhong_4_242
47.39275613,131.2711634,zhong_4_242
47.4063925,130.3136543,zhong_4_242
47.42002886,128.2620511,zhong_4_242
47.43366522,125.9033181,zhong_4_242
47.44730159,123.4702374,zhong_4_242
47.46093795,118.6737125,zhong_4_242
47.47457431,111.0572679,zhong_4_242
47.48821068,104.6465539,zhong_4_242
47.59730159,172.0696044,zhong_2_245
47.61093795,128.6639527,zhong_2_245
47.62457431,126.145527,zhong_2_245
47.63821068,125.2341404,zhong_2_245
47.65184704,126.780344,zhong_2_245
47.66548341,130.1004315,zhong_2_245
47.67911977,133.4139793,zhong_2_245
47.69275613,134.5624326,zhong_2_245
47.7063925,134.8102811,zhong_2_245
47.72002886,134.5187044,zhong_2_245
47.73366522,133.5877526,zhong_2_245
47.74730159,131.2970651,zhong_2_245
47.76093795,128.4118003,zhong_2_245
47.77457431,123.5482621,zhong_2_245
47.78821068,120.6052634,zhong_2_246
47.80184704,123.925301,zhong_2_246
47.81548341,121.7528558,zhong_2_246
47.82911977,120.6950472,zhong_2_246
47.84275613,120.1852147,zhong_2_246
47.8563925,120.051463,zhong_2_246
47.87002886,120.4997733,zhong_2_246
47.88366522,122.1651921,zhong_2_246
47.89730159,123.2691782,zhong_2_246
47.91093795,123.0310939,zhong_2_246
47.92457431,121.8400664,zhong_2_246
47.93821068,120.856557,zhong_2_246
47.95184704,120.0931464,zhong_2_246
47.96548341,119.1999326,zhong_2_246
47.97911977,118.1796923,zhong_2_246
47.99275613,117.0252082,zhong_3_247
48.0063925,115.9395358,zhong_3_247
48.02002886,114.9560183,zhong_3_247
48.03366522,114.5721429,zhong_3_247
48.04730159,114.9849802,zhong_3_247
48.06093795,115.4746419,zhong_3_247
48.07457431,115.3834674,zhong_3_247
48.08821068,114.0405907,zhong_3_247
48.10184704,112.4092138,zhong_3_247
48.11548341,111.6056182,zhong_3_247
48.41548341,115.7856364,zhong_1_249
48.42911977,117.4545672,zhong_1_249
48.44275613,118.9356895,zhong_1_249
48.4563925,120.2102956,zhong_1_249
48.47002886,121.3724492,zhong_1_249
48.48366522,122.2042335,zhong_1_249
48.49730159,122.4872122,zhong_1_249
48.51093795,121.7567827,zhong_1_249
48.52457431,119.4620231,zhong_1_249
48.64730159,113.8702452,zhong_3_251
48.66093795,110.7236544,zhong_3_251
48.67457431,108.2321484,zhong_3_251
48.68821068,106.0645789,zhong_3_251
48.70184704,103.5057678,zhong_3_251
48.71548341,102.0194526,zhong_3_251
48.72911977,101.2857814,zhong_3_251
48.77002886,114.5016407,zhong_2_252
48.78366522,111.4693347,zhong_2_252
48.79730159,110.3677148,zhong_2_252
48.81093795,110.8789436,zhong_2_252
48.82457431,111.9641649,zhong_2_252
48.83821068,113.5921043,zhong_2_252
48.85184704,115.1611334,zhong_2_252
48.86548341,116.1371999,zhong_2_252
48.86548341,116.1371999,zhong_3_253
48.87911977,117.015314,zhong_3_253
48.89275613,117.2797697,zhong_3_253
48.9063925,116.3444058,zhong_3_253
48.92002886,115.0231849,zhong_3_253
48.93366522,113.0548441,zhong_3_253
48.94730159,110.3483961,zhong_3_253
48.96093795,107.5844599,zhong_3_253
48.97457431,105.1898176,zhong_3_253
48.98821068,100.6711365,zhong_3_253
49.00184704,97.15867889,zhong_3_253
49.01548341,93.02002832,zhong_3_253
49.02911977,88.61530782,zhong_3_253
51.12911977,126.7597501,zhong_2_256
51.14275613,125.9074555,zhong_2_256
51.1563925,127.2571074,zhong_2_256
51.17002886,128.9436993,zhong_2_256
51.18366522,129.9384203,zhong_2_256
51.19730159,130.1863033,zhong_2_256
51.21093795,128.1765839,zhong_2_256
51.22457431,128.8322597,zhong_2_256
51.34730159,116.2491709,zhong_3_258
51.36093795,116.3691124,zhong_3_258
51.37457431,112.6919966,zhong_3_258
51.38821068,108.0030105,zhong_3_258
51.40184704,104.3619055,zhong_3_258
51.68821068,135.2754679,zhong_1_261
51.70184704,130.1512787,zhong_1_261
51.71548341,130.1971173,zhong_1_261
51.72911977,130.7967491,zhong_1_261
51.74275613,131.726476,zhong_1_261
51.7563925,132.8619009,zhong_1_261
51.77002886,134.1088416,zhong_1_262
51.78366522,135.0837688,zhong_1_262
51.79730159,135.9410068,zhong_1_262
51.81093795,136.4952489,zhong_1_262
51.82457431,136.651512,zhong_1_262
51.83821068,136.7494068,zhong_1_262
51.85184704,137.0201409,zhong_1_262
51.86548341,137.2193963,zhong_1_262
51.87911977,136.2876816,zhong_1_262
51.89275613,134.194906,zhong_1_262
51.9063925,140.949444,zhong_1_262
51.92002886,142.8010628,zhong_1_262
51.93366522,143.3719781,zhong_1_262
51.94730159,143.3400194,zhong_1_262
51.96093795,142.9990567,zhong_1_262
51.97457431,141.4032356,zhong_1_262
51.98821068,138.1464616,zhong_1_262
52.00184704,136.7199183,zhong_1_262
52.04275613,141.0594145,zhong_4_264
52.0563925,141.3230868,zhong_4_264
52.07002886,139.3894514,zhong_4_264
52.08366522,137.9673495,zhong_4_264
52.09730159,134.877213,zhong_4_264
52.11093795,130.9644396,zhong_4_264
52.12457431,128.5601501,zhong_4_264
52.13821068,126.1905314,zhong_4_264
52.15184704,123.724412,zhong_4_264
52.16548341,121.5458601,zhong_4_264
52.17911977,119.7651948,zhong_4_264
52.19275613,119.0252231,zhong_4_264
52.19275613,119.0252231,zhong_2_265
52.2063925,119.111049,zhong_2_265
52.22002886,119.8915519,zhong_2_265
52.23366522,121.4002349,zhong_2_265
52.24730159,123.324262,zhong_2_265
52.26093795,125.2399127,zhong_2_265
52.27457431,127.0854357,zhong_2_265
52.28821068,127.8651902,zhong_2_265
52.30184704,128.2204671,zhong_2_265
52.31548341,127.459412,zhong_2_265
52.32911977,126.8647268,zhong_2_265
52.34275613,128.0540552,zhong_2_265
52.43821068,118.1372237,zhong_3_267
52.45184704,117.974242,zhong_3_267
52.46548341,114.8049982,zhong_3_267
52.47911977,110.3570216,zhong_3_267
52.49275613,106.7929248,zhong_3_267
52.68366522,127.3906661,zhong_3_269
52.69730159,116.6320382,zhong_3_269
52.71093795,114.1503627,zhong_3_269
52.72457431,110.6436198,zhong_3_269
52.73821068,106.1396153,zhong_3_269
52.75184704,104.0716149,zhong_3_269
52.76548341,101.9574418,zhong_3_269
52.77911977,100.0424659,zhong_3_269
52.79275613,99.0815905,zhong_3_269
52.8063925,100.6284583,zhong_3_269
52.82002886,102.7145863,zhong_3_269
52.82002886,102.7145863,zhong_2_270
52.83366522,106.047201,zhong_2_270
52.84730159,106.6963584,zhong_2_270
52.86093795,106.9843535,zhong_2_270
52.87457431,106.9541898,zhong_2_270
52.88821068,106.8473023,zhong_2_270
52.90184704,107.3244285,zhong_2_270
52.91548341,108.0054095,zhong_2_270
52.92911977,109.4474715,zhong_2_270
52.94275613,111.154501,zhong_2_270
52.9563925,113.2106921,zhong_2_270
52.97002886,115.4697177,zhong_2_270
52.98366522,117.3773723,zhong_2_270
52.99730159,118.4507247,zhong_2_270
53.01093795,118.850012,zhong_2_270
53.02457431,118.4056824,zhong_2_270
53.02457431,118.4056824,zhong_3_271
53.03821068,116.6304756,zhong_3_271
53.05184704,114.5133956,zhong_3_271
53.06548341,111.222031,zhong_3_271
53.07911977,107.9092113,zhong_3_271
53.09275613,105.2860327,zhong_3_271
53.1063925,103.2210637,zhong_3_271
53.12002886,101.3585606,zhong_3_271
53.13366522,99.88164835,zhong_3_271
53.14730159,98.96529084,zhong_3_271
53.16093795,98.08380716,zhong_3_271
53.17457431,96.44898611,zhong_3_271
54.19730159,126.092668,zhong_2_273
54.21093795,130.3929246,zhong_2_273
54.22457431,130.1852229,zhong_2_273
54.23821068,131.6623261,zhong_2_273
54.25184704,132.1633677,zhong_2_273
54.26548341,132.9684892,zhong_2_273
54.27911977,133.4416642,zhong_2_273
54.29275613,129.9674859,zhong_2_273
54.3063925,129.9184391,zhong_2_273
54.3063925,129.9184391,zhong_3_274
54.32002886,129.9841153,zhong_3_274
54.33366522,130.5228677,zhong_3_274
54.34730159,130.856383,zhong_3_274
54.36093795,130.399043,zhong_3_274
54.37457431,129.5893828,zhong_3_274
54.38821068,127.1645993,zhong_3_274
54.40184704,123.4100922,zhong_3_274
54.41548341,118.4797007,zhong_3_274
54.42911977,111.534716,zhong_3_274
55.2063925,147.9888246,zhong_4_277
55.22002886,131.8019024,zhong_4_277
55.23366522,133.2433479,zhong_4_277
55.24730159,136.2998864,zhong_4_277
55.26093795,139.3483442,zhong_4_277
55.27457431,141.9432367,zhong_4_277
55.28821068,141.8302612,zhong_4_277
55.30184704,139.8974344,zhong_4_277
55.31548341,139.6609866,zhong_4_277
55.32911977,139.7788873,zhong_4_277
55.34275613,136.9736365,zhong_4_278
55.3563925,135.3920868,zhong_4_278
55.37002886,134.4927914,zhong_4_278
55.38366522,133.2930299,zhong_4_278
55.39730159,132.386553,zhong_4_278
55.41093795,132.1511518,zhong_4_278
55.42457431,132.9069333,zhong_4_278
55.43821068,134.0248863,zhong_4_278
55.45184704,135.0554993,zhong_4_278
55.46548341,135.9695932,zhong_4_278
55.47911977,136.4122887,zhong_4_278
55.49275613,136.3143662,zhong_4_278
55.5063925,135.4463974,zhong_4_278
55.52002886,134.4765111,zhong_4_278
55.53366522,133.438049,zhong_4_278
55.54730159,132.4994839,zhong_4_278
55.56093795,131.0523383,zhong_4_278
55.57457431,127.6718605,zhong_4_278
55.58821068,124.1074153,zhong_4_278
55.60184704,118.9262855,zhong_4_278
55.61548341,115.2056846,zhong_4_278
55.86093795,118.150219,zhong_2_281
55.87457431,117.6408947,zhong_2_281
55.88821068,115.9289958,zhong_2_281
55.90184704,115.4101168,zhong_2_281
55.91548341,116.0728701,zhong_2_281
55.92911977,117.2986304,zhong_2_281
55.94275613,118.5460749,zhong_2_281
55.9563925,119.8166103,zhong_2_281
55.97002886,120.6528457,zhong_2_281
55.98366522,121.4014224,zhong_2_281
55.99730159,120.6699629,zhong_2_281
56.07911977,118.8856052,zhong_2_283
56.09275613,118.8084532,zhong_2_283
56.1063925,110.9115654,zhong_2_283
56.12002886,112.0289516,zhong_2_283
56.13366522,111.6648033,zhong_2_283
56.14730159,109.7331321,zhong_2_283
56.16093795,107.9683176,zhong_2_283
56.17457431,107.3645669,zhong_2_283
56.18821068,107.2820905,zhong_2_283
56.20184704,107.2945567,zhong_2_283
56.21548341,107.4360906,zhong_2_283
56.22911977,108.2805839,zhong_2_283
56.24275613,108.2989399,zhong_2_283
56.2563925,108.5480659,zhong_2_283
56.27002886,109.6155403,zhong_2_283
56.28366522,111.2033535,zhong_2_283
56.29730159,112.423133,zhong_2_283
56.31093795,113.4248755,zhong_2_283
56.32457431,113.9538513,zhong_2_283
56.33821068,114.6966069,zhong_2_283
56.35184704,116.1474638,zhong_2_283
56.35184704,116.1474638,zhong_2_284
56.36548341,118.609407,zhong_2_284
56.37911977,120.9139278,zhong_2_284
56.39275613,123.6889141,zhong_2_284
56.4063925,126.3608676,zhong_2_284
56.42002886,128.1658518,zhong_2_284
56.43366522,128.0183729,zhong_2_284
56.44730159,125.9172267,zhong_2_284
56.46093795,124.6057401,zhong_2_284
56.47457431,123.3976712,zhong_2_284
56.52911977,124.3874759,zhong_3_286
56.54275613,120.6554548,zhong_3_286
56.5563925,119.2419282,zhong_3_286
56.57002886,115.8167584,zhong_3_286
56.58366522,111.8796349,zhong_3_286
56.59730159,107.467392,zhong_3_286
56.61093795,103.1099719,zhong_3_286
56.62457431,107.1819713,zhong_3_286
56.74730159,105.5848515,zhong_2_288
56.76093795,108.0468225,zhong_2_288
56.77457431,108.8494512,zhong_2_288
56.78821068,109.5026279,zhong_2_288
56.80184704,111.0189499,zhong_2_288
56.81548341,113.675647,zhong_2_288
56.82911977,117.1416386,zhong_2_288
56.84275613,115.141398,zhong_2_288
56.8563925,114.0454449,zhong_2_288
56.87002886,114.5850768,zhong_2_288
56.88366522,115.8361373,zhong_2_288
56.89730159,117.4678248,zhong_2_288
56.91093795,118.8582046,zhong_2_288
56.92457431,121.1966173,zhong_2_288
56.93821068,123.1934731,zhong_2_288
56.95184704,126.0556492,zhong_2_288
56.96548341,128.050603,zhong_2_288
56.97911977,130.1167818,zhong_2_288
56.99275613,131.1804485,zhong_2_288
57.0063925,131.6318054,zhong_2_288
57.02002886,130.6915522,zhong_3_289
57.03366522,128.9003665,zhong_3_289
57.04730159,126.4981426,zhong_3_289
57.06093795,123.8003725,zhong_3_289
57.07457431,120.6748512,zhong_3_289
57.08821068,116.680426,zhong_3_289
57.10184704,112.4565611,zhong_3_289
57.11548341,107.7039591,zhong_3_289
57.12911977,96.91137143,zhong_3_289
57.14275613,94.62769292,zhong_3_289
57.1563925,92.80362608,zhong_3_289
57.17002886,93.57445646,zhong_3_289
57.18366522,96.53192575,zhong_3_289
57.19730159,99.49897647,zhong_3_289
57.21093795,101.5900352,zhong_3_289
57.22457431,103.1970569,zhong_3_289
57.23821068,104.371018,zhong_3_289
57.25184704,104.87969,zhong_3_289
57.26548341,105.303048,zhong_3_289
57.27911977,105.5188876,zhong_3_289
57.29275613,105.6724621,zhong_3_289
57.3063925,106.6671683,zhong_3_289
57.3063925,106.6671683,zhong_2_290
57.32002886,107.5353207,zhong_2_290
57.33366522,108.9531572,zhong_2_290
57.34730159,112.2140775,zhong_2_290
57.36093795,115.8324417,zhong_2_290
57.37457431,117.815666,zhong_2_290
57.38821068,119.7534611,zhong_2_290
57.40184704,123.040909,zhong_2_290
57.41548341,127.1430486,zhong_2_290
57.42911977,125.4680122,zhong_2_290
57.44275613,122.360573,zhong_2_290
57.4563925,117.1817301,zhong_2_290
57.56548341,118.3375875,zhong_3_292
57.57911977,118.6255499,zhong_3_292
57.59275613,115.5749982,zhong_3_292
57.6063925,112.5295634,zhong_3_292
57.62002886,110.1518358,zhong_3_292
57.63366522,108.3446729,zhong_3_292
57.64730159,107.5919716,zhong_3_292
57.66093795,109.0419976,zhong_3_292
58.16548341,114.0612419,zhong_3_295
58.17911977,113.7737962,zhong_3_295
58.19275613,113.1660195,zhong_3_295
58.2063925,110.1353639,zhong_3_295
58.22002886,106.265973,zhong_3_295
58.23366522,100.8877802,zhong_3_295
58.38366522,101.0096398,zhong_2_297
58.39730159,101.8358317,zhong_2_297
58.41093795,101.759218,zhong_2_297
58.42457431,101.3266566,zhong_2_297
58.43821068,101.8456702,zhong_2_297
58.45184704,104.429804,zhong_2_297
58.46548341,104.0532694,zhong_2_297
58.47911977,104.7709669,zhong_2_297
58.49275613,105.6992132,zhong_2_297
58.5063925,106.9246844,zhong_2_297
58.52002886,108.2579469,zhong_2_297
58.53366522,110.4859866,zhong_2_297
58.54730159,113.2199399,zhong_2_297
58.54730159,113.2199399,zhong_4_298
58.56093795,116.2974389,zhong_4_298
58.57457431,118.9169385,zhong_4_298
58.58821068,121.1018834,zhong_4_298
58.60184704,122.6711993,zhong_4_298
58.61548341,124.823491,zhong_4_298
58.62911977,126.7337759,zhong_4_298
58.64275613,127.6857124,zhong_4_298
58.6563925,127.441059,zhong_4_298
58.67002886,126.4106579,zhong_4_298
58.68366522,125.1130691,zhong_4_298
58.69730159,123.6425668,zhong_4_298
58.71093795,121.6469207,zhong_4_298
58.72457431,120.4510506,zhong_4_298
58.91548341,127.4014958,zhong_4_300
58.92911977,128.4842283,zhong_4_300
58.94275613,128.6698736,zhong_4_300
58.9563925,128.3552916,zhong_4_300
58.97002886,126.5896899,zhong_4_300
58.98366522,124.9438922,zhong_4_300
58.99730159,122.8124998,zhong_4_300
59.01093795,120.2582133,zhong_4_300
59.02457431,118.1280688,zhong_4_300
59.03821068,115.775477,zhong_4_300
59.05184704,113.8937409,zhong_4_300
59.06548341,112.6191168,zhong_4_300
59.07911977,111.7528813,zhong_4_300
59.09275613,110.8955176,zhong_4_300
59.1063925,110.6138797,zhong_4_300
59.12002886,110.1591904,zhong_4_300
59.13366522,109.2386164,zhong_4_300
59.14730159,106.8660717,zhong_4_300
59.16093795,104.0413749,zhong_4_300
59.29730159,111.9118527,zhong_4_301
59.31093795,112.519552,zhong_4_301
59.32457431,111.3448733,zhong_4_301
59.33821068,110.0351118,zhong_4_301
59.35184704,108.1879338,zhong_4_301
59.36548341,106.8393248,zhong_4_301
59.37911977,104.733509,zhong_4_301
59.39275613,102.9779216,zhong_4_301
59.4063925,101.5636116,zhong_4_301
59.42002886,99.53519497,zhong_4_301
59.43366522,98.38960633,zhong_4_301
59.44730159,96.35362502,zhong_4_301
60.14275613,110.9524598,zhong_2_302
60.1563925,120.4963379,zhong_2_302
60.17002886,123.7723655,zhong_2_302
60.18366522,127.5088807,zhong_2_302
60.19730159,129.6038795,zhong_2_302
60.21093795,129.7806571,zhong_2_302
60.22457431,129.6579403,zhong_2_302
60.23821068,128.3187535,zhong_2_302
60.25184704,127.2035806,zhong_2_302
60.26548341,122.8238992,zhong_2_302
60.37457431,115.6356492,zhong_3_304
60.38821068,115.6924098,zhong_3_304
60.40184704,113.2238337,zhong_3_304
60.41548341,109.2393635,zhong_3_304
60.42911977,105.3023589,zhong_3_304
60.44275613,103.6524022,zhong_3_304
60.77002886,121.7546143,zhong_2_308
60.78366522,122.2457915,zhong_2_308
60.79730159,122.0427378,zhong_2_308
60.81093795,122.403891,zhong_2_308
60.82457431,123.550399,zhong_2_308
60.83821068,124.7631409,zhong_2_308
60.85184704,123.3062455,zhong_2_308
60.86548341,121.6671395,zhong_2_308
60.87911977,121.527643,zhong_2_308
60.89275613,119.096907,zhong_2_308
60.9063925,119.9702006,zhong_4_309
60.92002886,126.5831522,zhong_4_309
60.93366522,139.7739134,zhong_4_309
60.94730159,139.286784,zhong_4_309
60.96093795,136.9726604,zhong_4_309
60.97457431,133.6653171,zhong_4_309
60.98821068,128.9487494,zhong_4_309
61.00184704,125.5666439,zhong_4_309
61.01548341,122.5624854,zhong_4_309
61.02911977,119.6788783,zhong_4_309
61.04275613,117.1568311,zhong_4_309
61.0563925,114.6967641,zhong_4_309
61.07002886,114.9591696,zhong_4_309
61.08366522,117.0488604,zhong_2_310
61.09730159,118.8087362,zhong_2_310
61.11093795,119.6337395,zhong_2_310
61.12457431,117.6414205,zhong_2_310
61.13821068,117.2623915,zhong_2_310
61.15184704,118.3829227,zhong_2_310
61.16548341,120.0602217,zhong_2_310
61.17911977,122.0431069,zhong_2_310
61.19275613,123.1812756,zhong_2_310
61.19275613,123.1812756,zhong_1_311
61.2063925,123.5218958,zhong_1_311
61.22002886,124.4576574,zhong_1_311
61.23366522,125.5253215,zhong_1_311
61.24730159,126.1849004,zhong_1_311
61.26093795,126.785316,zhong_1_311
61.27457431,127.7237365,zhong_1_311
61.28821068,128.8718089,zhong_1_311
61.30184704,129.2266258,zhong_1_311
61.31548341,128.9434609,zhong_1_311
61.32911977,126.863984,zhong_1_311
61.62911977,140.3446014,zhong_4_314
61.64275613,132.0159535,zhong_4_314
61.6563925,127.5695001,zhong_4_314
61.67002886,122.8293665,zhong_4_314
61.68366522,117.9101503,zhong_4_314
61.69730159,113.6736985,zhong_4_314
61.71093795,108.4480002,zhong_4_314
61.72457431,104.5154094,zhong_4_314
61.79275613,112.7661618,zhong_4_315
61.8063925,110.0659742,zhong_4_315
61.82002886,107.1891735,zhong_4_315
61.83366522,103.641177,zhong_4_315
61.84730159,101.3280146,zhong_4_315
61.86093795,99.66876236,zhong_4_315
61.87457431,98.12501722,zhong_4_315
61.88821068,96.00272178,zhong_4_315
61.90184704,93.16510176,zhong_4_315
61.91548341,90.44221233,zhong_4_315
62.95184704,110.2305339,zhong_3_317
62.96548341,118.011402,zhong_3_317
62.97911977,119.1362022,zhong_3_317
62.99275613,120.9734023,zhong_3_317
63.0063925,120.0643358,zhong_3_317
63.03366522,171.5457903,zhong_4_319
63.04730159,159.5356617,zhong_4_319
63.06093795,157.0965186,zhong_4_319
63.07457431,148.1502541,zhong_4_319
63.08821068,147.8588666,zhong_4_319
63.10184704,148.7024518,zhong_4_319
63.11548341,148.6178144,zhong_4_319
63.23821068,129.0300445,zhong_3_321
63.25184704,127.3604677,zhong_3_321
63.26548341,121.0561866,zhong_3_321
63.27911977,115.697562,zhong_3_321
63.49730159,126.7934253,zhong_4_325
63.51093795,127.450747,zhong_4_325
63.52457431,126.3433261,zhong_4_325
63.53821068,125.2727997,zhong_4_325
63.55184704,125.1963518,zhong_4_325
63.56548341,125.494506,zhong_4_325
63.57911977,125.9764472,zhong_4_325
63.59275613,126.527535,zhong_4_325
63.6063925,127.518638,zhong_1_326
63.62002886,128.6594595,zhong_1_326
63.63366522,129.8021352,zhong_1_326
63.64730159,130.9088281,zhong_1_326
63.66093795,131.3000887,zhong_1_326
63.67457431,131.8767522,zhong_1_326
63.68821068,132.8710412,zhong_1_326
63.70184704,134.4271265,zhong_1_326
63.71548341,136.0834765,zhong_1_326
63.72911977,136.628618,zhong_1_326
63.74275613,135.7833913,zhong_1_326
63.7563925,134.7469635,zhong_1_326
63.77002886,134.392914,zhong_1_326
63.78366522,134.7037986,zhong_1_326
63.79730159,133.2397766,zhong_1_326
63.81093795,132.7092666,zhong_1_326
63.93366522,143.3438741,zhong_4_328
63.94730159,137.8531903,zhong_4_328
63.96093795,134.7366099,zhong_4_328
63.97457431,133.2963088,zhong_4_328
63.98821068,131.8954409,zhong_4_328
64.00184704,130.4223826,zhong_4_328
64.01548341,128.8133665,zhong_4_328
64.02911977,127.1761644,zhong_4_328
64.04275613,125.6203003,zhong_4_328
64.0563925,123.5781527,zhong_4_328
64.07002886,121.9276407,zhong_4_328
64.08366522,119.4757583,zhong_4_328
64.09730159,116.5852284,zhong_4_328
64.11093795,115.2109799,zhong_4_328
64.12457431,114.008412,zhong_4_328
64.13821068,112.7484492,zhong_4_328
64.15184704,111.5182995,zhong_4_328
64.16548341,110.7088705,zhong_4_328
64.17911977,109.9010975,zhong_4_328
64.19275613,108.5610742,zhong_4_328
64.2063925,107.4963364,zhong_4_328
64.22002886,106.8831204,zhong_4_328
64.23366522,105.9567862,zhong_4_328
64.24730159,104.3915434,zhong_4_328
64.26093795,102.5449601,zhong_4_328
64.27457431,101.5548501,zhong_4_328
64.28821068,100.2537585,zhong_4_328
64.30184704,98.6797046,zhong_4_328
64.31548341,97.91682847,zhong_4_328
64.32911977,96.77863053,zhong_4_328
64.34275613,95.26093843,zhong_4_328
64.3563925,93.12515277,zhong_4_328
64.37002886,91.314184,zhong_4_328
64.38366522,90.46353796,zhong_4_328
64.39730159,90.17422533,zhong_4_328
64.41093795,89.8125614,zhong_4_328
64.42457431,88.91218565,zhong_4_328
64.43821068,87.51432119,zhong_4_328
64.45184704,85.01591315,zhong_4_328